YEAR_MONTH,PASSENGERS CARRIED
2023 SEP,7776387.870165917
2023 OCT,7725426.0852553155
2023 NOV,7980640.838751177
2023 DEC,7905651.61822045
2024 JAN,7917650.419048711
2024 FEB,8111988.365806173
2024 MAR,8109319.9001950575
2024 APR,8074082.833767256
2024 MAY,8288387.556214189
2024 JUN,8262856.418397153
2024 JUL,8268765.742297874
2024 AUG,8422787.405971885
